"id","site","job_url","job_url_direct","title","company","location","date_posted","job_type","salary_source","interval","min_amount","max_amount","currency","is_remote","job_level","job_function","listing_type","emails","description","company_industry","company_url","company_logo","company_url_direct","company_addresses","company_num_employees","company_revenue","company_description","skills","experience_range","company_rating","company_reviews_count","vacancy_count","work_from_home_type"
"li-4474664812","linkedin","https://www.linkedin.com/jobs/view/4474664812","","Sustainability Office - Executive / Senior Executive / Assistant Manager Sustainability","Singapore Airlines","Singapore, Singapore","2026-10-06","","","","","","",False,"","","","","","","https://sg.linkedin.com/company/singapore-airlines","","","","","","","","","","","",""
"in-9fa12136c371da19","indeed","https://sg.indeed.com/viewjob?jk=9fa12136c371da19","https://www.mycareersfuture.gov.sg/job/1b77f477ae369ef7f962a11ebb30b058","Environmental Control Officer","CHINA COMMUNICATIONS CONSTRUCTION COMPANY LIMITED (SINGAPORE BRANCH)","Singapore, S00, SG","2026-10-06","fulltime","","","","","",False,"","","","","**Job Description:**  
Monitor and verify that the Environmental Management Plan (EMP) is adhered to at all times and taking action if the specifications are not followed.
  
  
Monitor and verify that environmental impacts are kept to a minimum during the planning and design and construction phases of the project.
  
  
Conduct surveillance, monthly inspections and detailed audits.
  
  
Compile and complete checklists in order to aid the surveillance and inspection requirements.
  
  
Keep records of all activities/incidents concerning the environment on site and issuing of spot fines for transgression of activities identified in the EMP.
  
  
Recommend the issuing of penalties to the Engineers Representative for contravention of the EMP.
  
  
Prepare and submit a Site Environmental Control Programme and Site Environmental Control Reports to the Occupier of the construction site.
  
  
Identify environmental issues and recommend measures to rectify the irregularities.
  
  
Prepare and submit a Site Environmental Control Report to the Occupier of the construction site.
  
  
Assist the authorities to investigate environmental issues.
  
  
Organise campaigns, training courses and other activities to develop and sustain the interest of workers in maintaining good environmental health standards.
  
  
Any other duties /responsibilities as assigned by the Reporting Manager.
  
  
**Job Requirement:**  
Registered with National Environment Agency (NEA).
  
  
Good knowledge of ECO Scheme and Environmental Laws.
  
  
At least 2-4 years relevant working experience in construction industry; particularly civil works or in LTA project, or similar scale, complexity and nature of work will be advantages.
  
  
Familiar with Occupational Health & Safety Management System.
  
  
Good team player and able to work independently with positive attitude.
  
  
6 days work week
  
  
**Work location:** Tuas area
  
  
China Communications Construction Company Ltd. is a world leading super large infrastructure service provider, ranked 93rd among Fortune Global 500 in 2019. As China's largest international contractor, we ranked the third among ENR’s Top250 International Contractors and the first among Chinese enterprises listed for 13 consecutive years.
  
  
We are mainly engaged in infrastructure investment, construction and operation, equipment manufacturing, real estate and urban development, etc., and offer clients package solutions and integrated services such as investment, financing, consultation, planning, design, construction, management and operation.","","https://sg.indeed.com/cmp/China-Communications-Construction-Company-Limited-(singapore-Branch)","","","","","","","","","","","",""
"li-4475821696","linkedin","https://www.linkedin.com/jobs/view/4475821696","","Environment, Climate & Regulatory Engineer - Associate","ExxonMobil","Singapore, Singapore","2026-10-05","","","","","","",False,"","","","","","","https://www.linkedin.com/company/exxonmobil","","","","","","","","","","","",""
"li-4475594355","linkedin","https://www.linkedin.com/jobs/view/4475594355","","Sustainability Director, APAC","Vantage","Singapore, Singapore","2026-10-05","","","","","","",False,"","","","","","","https://www.linkedin.com/company/vantage-global","","","","","","","","","","","",""
"in-e50b0b2c9070812d","indeed","https://sg.indeed.com/viewjob?jk=e50b0b2c9070812d","https://vantagedc.wd1.myworkdayjobs.com/Vantage/job/Singapore-Singapore/Sustainability-Director--APAC_R24976","Sustainability Director, APAC","Vantage","Singapore, S00, SG","2026-10-05","fulltime","","","","","",False,"","","","","**About Vantage**
=================

Vantage powers, cools, protects and connects the technology of the world’s well-known hyperscalers, cloud providers and large enterprises. Developing and operating across North America, EMEA and Asia Pacific, Vantage has evolved data center design in innovative ways to deliver dramatic gains in reliability, efficiency and sustainability in flexible environments that can scale as quickly as the market demands.

**Position Overview**

Vantage is seeking an experienced and strategic regional Sustainability Director to lead Vantage’s sustainability program in the APAC region. As the regional subject matter expert, this leader partners closely with cross-functional teams to align global strategy with local priorities, guide the integration of sustainability into major development and operational decisions, and support key stakeholder engagement. The Director will shape and drive regional sustainability strategy that aligns and enables regional business strategy. The Director will work closely with the Global Sustainability Center of Excellence (COE) who serves to support and enable regional implementation of sustainability initiatives and stakeholder engagement.

**Essential Job Functions**:

  

* Advise and partner with APAC functional and regional executives to embed sustainability into business operations and drive transformational change.
* Serve as the region’s sustainability subject matter expert (SME), guiding cross-functional partners across site selection, design, construction, procurement, and operations.
* Align with the Global Sustainability team to integrate global strategy with regional priorities and contribute regional insights to global strategic development.
* Work with the Global Sustainability COE to set regional sustainability goals, develop roadmaps, and localize global initiatives to fit market conditions, regulation, customer needs, and community expectations.
* Advise regional leadership on sustainability-related risks, including regulatory, climate, water, social responsibility, innovation, reputational, and greenwashing risks, and help shape mitigation plans.
* Collaborate with Public Policy to shape and support policy frameworks aligned with the company’s sustainability strategy across the region.
* Support regional Public Policy and Communications in engaging communities, local government, and NGOs on environmental and social sustainability topics.
* Represent Vantage’s sustainability efforts in regional customer engagements, industry forums, and thought-leadership platforms.
* Partner with Sales and Commercial teams to develop sustainability-related sales enablement materials and support customer RFP responses, audits, and strategic sustainability discussions.
* Proactively engage external stakeholders—including customers, investors, suppliers, community partners, and industry groups—to advance sustainability objectives and strengthen Vantage’s reputation.
* Collaborate with the regional Sustainability Engineer to lead implementation of regional sustainability programs, performance improvement initiatives, and impact-reduction efforts.
* Support sustainability risk and opportunity assessments for new market entry and expansion
* Support development of regional and site-specific sustainability communication materials for customers, communities, and public stakeholders.
* Support regional implementation of a sustainable supply chain engagement strategy
* Support Global Sustainability COE with regional data collection and verify data quality for global sustainability reporting, disclosure, and assurance requirements.
* Lead sustainability training, capability-building efforts, and awareness initiatives across regional teams with support from the Global Sustainability COE.

**Job Requirements**:

* 10+ years of experience in corporate sustainability, environmental strategy, ESG, or related fields, with demonstrated impact in complex, multinational organizations.
* Bachelor’s degree in Business, Engineering, Finance, Sustainability, Data Science, or a related discipline, or equivalent experience.
* Experience in the data center, energy, infrastructure, or technology sector, particularly with large-scale development projects preferred but not required.
* Proven ability to lead and influence cross-functional initiatives across technical and non-technical teams, including engineering, construction, operations, procurement, commercial, and public policy.
* Experience integrating sustainability into large capital projects (infrastructure, energy, manufacturing, real estate, or data centers).
* Experience engaging directly with customers on sustainability topics (e.g., RFP responses, audits, strategic sustainability discussions).

We operate with No Ego and No Arrogance. We work to build each other up and support one another, appreciating each other’s strengths and respecting each other’s weaknesses. We find joy in our work and each other, actively seeking opportunities to inject fun into what we do. Our hard and efficient work is rewarded with an above market total compensation package. We offer a comprehensive suite of health and welfare, retirement, and paid leave benefits exceeding local expectations.

Throughout the year, the advantage of being part of the Vantage team is evident with an array of benefits, recognition, training and development, and the knowledge that your contribution adds value to the company and our community.

Don't meet all the requirements? Please still apply if you think you are the right person for the position. We are always keen to speak to people who connect with our mission and values.

Vantage is an Equal Opportunity Employer.

Vantage does not accept unsolicited resumes from search firm agencies. Fees will not be paid in the event a candidate submitted by a recruiter without an agreement in place is hired; such resumes will be deemed the sole property of Vantage.","","https://sg.indeed.com/cmp/Vantage-97fb75f2","https://d2q79iu7y748jz.cloudfront.net/s/_squarelogo/256x256/1221cef38fc86cf275d113cce951bef4","https://vantage-dc.com","Denver, CO","501 to 1,000","Decline to state","Vantage offers a workplace where inclusion, equity, respect and acceptance are deeply valued.","","","","","",""
"li-4447697844","linkedin","https://www.linkedin.com/jobs/view/4447697844","","Senior Sustainability Manager - Circular Systems and Innovation","CHANEL","Singapore, Singapore","2026-10-05","","","","","","",False,"","","","","","","https://uk.linkedin.com/company/chanel","","","","","","","","","","","",""
"in-89df8488ea069b96","indeed","https://sg.indeed.com/viewjob?jk=89df8488ea069b96","https://www.mycareersfuture.gov.sg/job/807649ab46f1b5d8bd6184dcbea8df56","Renewable & Sustainability Business Development Manager","ENERGI TRANZ PTE. LTD.","Outram, S00, SG","2026-10-04","fulltime","","","","","",False,"","","","","Job Summary
  
  
The Sustainability Business Development Manager will play a key role in expanding our client base and strengthening market presence in the sustainability and energy transition sectors. You will identify new business opportunities, manage client relationships, and collaborate with our technical team to develop tailored sustainability solutions that address clients’ ESG and Green Energy Transition needs. The role will support growth and delivery of the Sustainability related projects that includes Green Electricity Procurement, ESG Reporting, Rooftop Solar Deployment, Energy Efficiency Audits and RECs/Carbon Credits Trading.
  
  
Company Background
  
  
:
  
  
ENERGI TRANZ PTE LTD (www.energitranz.com) is a leading sustainability consultancy firm supporting businesses in Singapore and South-East Asia in achieving their environmental, social, and governance (ESG) goals. Our services span corporate sustainability strategy, carbon management, renewable energy solutions, and net zero transition pathways. We partner with clients across sectors such as energy, manufacturing, real estate, data centers and financial services to drive measurable savings and sustainable growth.
  
  
Responsibilities
  
  
Identify and evaluate new business opportunities in the sustainability and energy transition sectors to drive company growth.
  
  
Develop and maintain strong client relationships to understand their ESG Reporting, Green Energy Transition needs to deliver tailored solutions
  
  
Collaborate with the technical team to design and implement sustainability projects including Green Electricity Procurement, ESG Reporting, Renewable Energy Adoption, and RECs/Carbon Credits Trading
  
  
Lead negotiations and close deals that align with client objectives and company capabilities to expand market presence
  
  
Monitor industry trends and regulatory developments to inform strategic business development initiatives
  
  
Support project delivery by coordinating between clients and internal teams to ensure timely and effective execution of sustainability solutions
  
  
ENERGI TRANZ PTE LTD (
  
  
www.energitranz.com
  
  
) is a leading sustainability consultancy firm supporting businesses in Singapore and South-East Asia in achieving their environmental, social, and governance
  
(ESG) goals. Our services span corporate sustainability strategy, carbon management, renewable energy solutions, and net zero transition pathways. We partner with clients across sectors such as energy, manufacturing, real estate, data centers and financial services to drive measurable savings and sustainable growth.","","https://sg.indeed.com/cmp/Energi-Tranz-Pte.-Ltd.","","","","","","","","","","","",""
"li-4273864098","linkedin","https://www.linkedin.com/jobs/view/4273864098","","Assistant Professor / Associate Professor / Professor in Sustainability Management","Singapore Institute of Technology","Singapore, Singapore","2026-10-03","","","","","","",False,"","","","","","","https://sg.linkedin.com/school/singapore-institute-of-technology/","","","","","","","","","","","",""
"in-133ea19a4ce59f10","indeed","https://sg.indeed.com/viewjob?jk=133ea19a4ce59f10","https://careers.exyte.net/exentec/global/en/job/25299/Senior-Manager-Global-Procurement-Sustainability","Senior Manager Global Procurement (Sustainability)","Exentec","Singapore, S00, SG","2026-10-03","","","","","","",False,"","","","termin.chiam@exyte.net","Location: Singapore, Singapore

Category: Procurement

Job ID: 25299

Permanent

Exyte Asia-Pacific Holding Ltd (4005)

  

**Discover your exciting role**
-------------------------------

The Global Procurement - Sustainability Lead (m/f/d) is responsible for integrating Environmental, Social, and Governance (ESG) principles into procurement and subcontracting processes. The role drives sustainability and ethical sourcing across the supply chain by aligning procurement strategies with ESG objectives and collaborating with internal teams and external partners. Acting as the central ESG point of contact within Procurement and Subcontracting Management, the position leads sustainability initiatives, supports ESG training for procurement teams and suppliers, and continuously improves processes to strengthen responsible supplier partnerships.

**Explore your tasks and responsibilities**
-------------------------------------------

* I`ntegrate ESG requirements into procurement strategies, processes, and procedures by closely collaborating with internal teams and external stakeholders to strengthen environmental sustainability and social responsibility.
* Ensure compliance with ESG-related regulations (e.g. LKSG, CSDDD) by identifying gaps and implementing due-diligence, reporting, and training measures.
* Serve as the central ESG point of contact within Procurement and Subcontracting Management, ensuring consistent standards and reduced compliance risk.
* Drive ESG improvement initiatives in procurement, balancing sustainability, efficiency, innovation, and cost effectiveness.
* Develop and support ESG training for procurement teams and suppliers to strengthen ESG capabilities across the supply chain.
* Monitor and report ESG performance using tools such as SAP Ariba and EcoVadis to enable data-driven decisions and risk mitigation.
* Partner with business units and leadership to align procurement optimization with corporate ESG objectives and secure stakeholder buy-in.

**Show your expertise**
-----------------------

* 7+ years of experience in procurement, supply chain, sustainability, or ESG-related roles, preferably in a corporate or multinational environment, with ESG consulting experience considered an asset.
* Bachelor's or Master's degree in a relevant field, ESG or Sustainable Procurement certifications preferred.
* Strong knowledge of ESG principles, sustainable procurement, responsible sourcing, and relevant regulations such as LKSG and CSDDD.
* Proven experience in developing and implementing ESG strategies within procurement, including supplier engagement, risk assessment, due diligence, and compliance monitoring.
* Strong stakeholder management skills with the ability to collaborate across functions and with suppliers to drive sustainability initiatives.
* Experience in developing ESG training and capacity-building programs for procurement teams and suppliers.
* Analytical and results-driven mindset with strong problem-solving skills and the ability to identify risks and improvement opportunities.
* Proficiency in procurement and sustainability tools such as SAP, SAP Ariba, and EcoVadis, as well as Excel, PowerPoint, and ESG reporting.

**Contact:**
------------

You want to be part of the Exyte team? We look forward to receiving your application!
  
For further questions and information, please do not hesitate to contact Chiam Ter Min via E-Mail at termin.chiam@exyte.net

Please note that we only consider applications submitted through our application portal. Applications sent via email will not be considered due to data protection regulations.","Industrial Manufacturing","https://sg.indeed.com/cmp/Exentec-2","https://d2q79iu7y748jz.cloudfront.net/s/_squarelogo/256x256/23b3bb3461e285d6ec8fe5080d5ea35d","https://www.cpsgrp.com/","Headquarters:
11789 W Executive Dr
Boise, ID 83713","501 to 1,000","$25M to $100M (USD)","","","","","","",""
"in-32067d3629e379d6","indeed","https://sg.indeed.com/viewjob?jk=32067d3629e379d6","https://careers.exyte.net/global/de/job/25299","Senior Manager Global Procurement (Sustainability)","Exyte","Singapore, S00, SG","2026-10-03","","","","","","",False,"","","","termin.chiam@exyte.net","Discover your exciting role
  
  
The Global Procurement - Sustainability Lead (m/f/d) is responsible for integrating Environmental, Social, and Governance (ESG) principles into procurement and subcontracting processes. The role drives sustainability and ethical sourcing across the supply chain by aligning procurement strategies with ESG objectives and collaborating with internal teams and external partners. Acting as the central ESG point of contact within Procurement and Subcontracting Management, the position leads sustainability initiatives, supports ESG training for procurement teams and suppliers, and continuously improves processes to strengthen responsible supplier partnerships.
  
Explore your tasks and responsibilities
  
  

* I'ntegrate ESG requirements into procurement strategies, processes, and procedures by closely collaborating with internal teams and external stakeholders to strengthen environmental sustainability and social responsibility.
* Ensure compliance with ESG-related regulations (e.g. LKSG, CSDDD) by identifying gaps and implementing due-diligence, reporting, and training measures.
* Serve as the central ESG point of contact within Procurement and Subcontracting Management, ensuring consistent standards and reduced compliance risk.
* Drive ESG improvement initiatives in procurement, balancing sustainability, efficiency, innovation, and cost effectiveness.
* Develop and support ESG training for procurement teams and suppliers to strengthen ESG capabilities across the supply chain.
* Monitor and report ESG performance using tools such as SAP Ariba and EcoVadis to enable data-driven decisions and risk mitigation.
* Partner with business units and leadership to align procurement optimization with corporate ESG objectives and secure stakeholder buy-in.

Show your expertise
  
  

* 7+ years of experience in procurement, supply chain, sustainability, or ESG-related roles, preferably in a corporate or multinational environment, with ESG consulting experience considered an asset.
* Bachelor's or Master's degree in a relevant field, ESG or Sustainable Procurement certifications preferred.
* Strong knowledge of ESG principles, sustainable procurement, responsible sourcing, and relevant regulations such as LKSG and CSDDD.
* Proven experience in developing and implementing ESG strategies within procurement, including supplier engagement, risk assessment, due diligence, and compliance monitoring.
* Strong stakeholder management skills with the ability to collaborate across functions and with suppliers to drive sustainability initiatives.
* Experience in developing ESG training and capacity-building programs for procurement teams and suppliers.
* Analytical and results-driven mindset with strong problem-solving skills and the ability to identify risks and improvement opportunities.
* Proficiency in procurement and sustainability tools such as SAP, SAP Ariba, and EcoVadis, as well as Excel, PowerPoint, and ESG reporting.

**Contact:**  
You want to be part of the Exyte team? We look forward to receiving your application!
  
For further questions and information, please do not hesitate to contact Chiam Ter Min via E-Mail at termin.chiam@exyte.net
  
Please note that we only consider applications submitted through our application portal. Applications sent via email will not be considered due to data protection regulations.","","https://sg.indeed.com/cmp/Exyte","https://d2q79iu7y748jz.cloudfront.net/s/_squarelogo/256x256/9f946884d437f69f0fdfe71ea8366d76","https://careers.exyte.net/en","Löwentorbogen 9b, 70376 Stuttgart","5,001 to 10,000","$5B to $10B (USD)","Exyte is a global leader in the design, engineering, and delivery of ultra-clean and sustainable facilities for high-tech industries. Click here for more information: https://careers.exyte.net/en","","","","","",""
"li-4473861756","linkedin","https://www.linkedin.com/jobs/view/4473861756","","Senior Manager Global Procurement (Sustainability)","Exyte","Singapore, Singapore","2026-10-03","","","","","","",False,"","","","","","","https://de.linkedin.com/company/exyte-group","","","","","","","","","","","",""
"li-4432354867","linkedin","https://www.linkedin.com/jobs/view/4432354867","","Tenure Track Position for Assistant Professor in Industrial Ecology and Environmental Systems Engineering","Nanyang Technological University Singapore","Singapore, Singapore","2026-10-03","","","","","","",False,"","","","","","","https://sg.linkedin.com/school/ntusg/","","","","","","","","","","","",""
"in-e7ba8e76ac5788f5","indeed","https://sg.indeed.com/viewjob?jk=e7ba8e76ac5788f5","https://jobs.smartrecruiters.com/SGS/744000153115488-sustainability-esg-consultant-","Sustainability & ESG Consultant","SGS","Clementi, S00, SG","2026-10-02","fulltime","","","","","",False,"","","","","**Company Description**

SGS is the world’s leading Testing, Inspection and Certification company. We operate a network of over 2,500 laboratories and business facilities across 115 countries, supported by a team of 99,500 dedicated professionals. With over 145 years of service excellence, we combine the precision and accuracy that define Swiss companies to help organizations achieve the highest standards of quality, compliance and sustainability.

 **Job Description**

This role involves growing the business and delivering ESG and Sustainability-related services. You will support the ESG Sales team in promoting and marketing services to drive revenue growth, while delivering Sustainability, ESG, Green Finance and Carbon/Climate-change related services with timely and high-quality delivery.

**Key responsibilities**

* Deliver Sustainability, ESG, Green Finance and Carbon/Climate-change related services, ensuring timely and high-quality delivery
* Support the Technical Manager and ESG Sales team in managing marketing and promotional activities to drive revenue growth
* Support the development of new products, certification services, and market opportunities
* Participate in periodic technical and qualification development in sustainability-related areas ensuring alignment with standards and regulatory requirements
* Stay up to date on trends and developments in ESG, Sustainability, and Green Finance within Singapore and the broader region
* Conduct research, literature reviews, benchmarking studies, and data analysis
* Manage multiple projects and interact with senior stakeholders
* Build and maintain relationships, understand client needs, and deliver solutions that meet their expectations

 **Qualifications**

* Bachelor's degree in Environmental/Chemical/Electrical Engineering or other sustainability-related discipline, with a minimum of 2 years' relevant working experience in ESG and Sustainability-related services
* Experience in performing assurance/verification services at reasonable/limited level of assurance
* Qualified auditor and/or trainer in sustainability related standard/schemes such as ISO 14064, GHG Protocol, NEA CPA, SRA, and other relevant standard or scheme is an advantage
* Familiarity with GRI, ISSB/IFRS S1 & S2, CSRD, ISO 14064, GHG Protocol, NEA CPA regulation, and other relevant sustainability standards/frameworks in Singapore & global markets
* Experience in Sustainability Reporting and Green Finance related areas is an advantage
* Experience in working with corporate clients is an advantage
* Strong knowledge of regulatory frameworks and industry compliance requirements
* Excellent verbal and written communication skills, with meticulous attention to detail essential for auditing & consulting work
* Fluent English and local language
* Applies judgment and acts according to SGS standards of ethics and integrity","","https://sg.indeed.com/cmp/Sgs-1","https://d2q79iu7y748jz.cloudfront.net/s/_squarelogo/256x256/96465b1a678b9c3597680318f9572c1c","https://www.sgs.com","Geneva","10,000+","$5B to $10B (USD)","","","","","","",""
"li-4474597941","linkedin","https://www.linkedin.com/jobs/view/4474597941","","Manager, Partnerships, Climate & Food Systems (2-year contract)","WWF-Singapore","Singapore, Singapore","2026-10-02","","","","","","",False,"","","","","","","https://sg.linkedin.com/company/wwfsg","","","","","","","","","","","",""
"li-4438203197","linkedin","https://www.linkedin.com/jobs/view/4438203197","","Sustainability Manager","ADM","Singapore, Singapore","2026-10-02","","","","","","",False,"","","","","","","https://www.linkedin.com/company/adm","","","","","","","","","","","",""
"li-4474724884","linkedin","https://www.linkedin.com/jobs/view/4474724884","","Senior Manager, Group Sustainability (Social Impact)","Singtel","Singapore, Singapore","2026-10-02","","","","","","",False,"","","","","","","https://sg.linkedin.com/company/singtel","","","","","","","","","","","",""
"li-4463317470","linkedin","https://www.linkedin.com/jobs/view/4463317470","","Senior/ Assistant Manager, SingHealth Office for Sustainable Health","SingHealth","Singapore, Singapore","2026-10-02","","","","","","",False,"","","","","","","https://sg.linkedin.com/company/singhealth","","","","","","","","","","","",""
"li-4472850653","linkedin","https://www.linkedin.com/jobs/view/4472850653","","ESG Consultant, Business Consulting","RSM - Singapore","Singapore, Singapore","2026-10-02","","","","","","",False,"","","","","","","https://sg.linkedin.com/company/rsm-singapore","","","","","","","","","","","",""
"in-d9b61ff064de3bb5","indeed","https://sg.indeed.com/viewjob?jk=d9b61ff064de3bb5","https://www.mycareersfuture.gov.sg/job/5e03fdadc4b99c1a739d35ff4067cc01","Manager, Partnerships, Climate & Food Systems (2-year contract)","WWF","Clementi, S00, SG","2026-10-02","fulltime","","","","","",False,"","","","","About WWF
  
  
WWF-Singapore World Wide Fund for Nature (WWF) is one of the world’s largest and most respected independent conservation organisations. WWF’s mission is to stop the degradation of the earth’s natural environment and to build a future in which humans live in harmony with nature. As one of WWF’s international hubs, WWF-Singapore supports a global network spanning over 100 countries. WWF Singapore works closely with local stakeholders towards a greener and more sustainable Singapore and the region around us. We work to address key conservation areas, such as climate change, sustainable finance, deforestation, illegal wildlife trade, marine conservation, and sustainable production and consumption, through collaboration, education and outreach efforts involving the community, businesses, and governments. For more information, please visit wwf.sg.
  
  
Overview
  
  
WWF-Singapore is seeking a Partnerships Manager to develop and manage strategic partnerships for its Climate Finance programmes, with a primary focus on its Climate Resilient Rice/Food Coalition.
  
  
The role will identify, onboard and steward partners across the private sector, financial institutions, government, philanthropy and other organisations, helping to build a strong coalition that can mobilise finance and collective action for climate-resilient and low-carbon food systems across Southeast Asia.
  
  
Key Responsibilities
  
  
1. Partnership Development & Onboarding
  
  
Identify and engage prospective partners for the Climate Resilient Rice/Food Coalition.
  
  
Develop compelling partnership propositions, proposals and engagement materials.
  
  
Lead prospective partners from initial engagement through onboarding and formalisation of partnerships.
  
  
Identify opportunities for partners to contribute through finance, technical expertise, market access, procurement and other forms of collaboration.
  
  
2. Partner Stewardship
  
  
Manage relationships with a portfolio of partners and serve as their primary WWF point of contact.
  
  
Maintain regular engagement with partners and identify opportunities to deepen collaboration.
  
  
Coordinate with WWF programme and technical teams to ensure effective delivery of partnership commitments.
  
  
Prepare partnership updates, reports and briefings as required.
  
  
3. Coalition Development & Engagement
  
  
Support the growth and development of the Climate Resilient Rice/Food Coalition as an effective regional multi-stakeholder platform.
  
  
Engage coalition members and facilitate collaboration across businesses, financial institutions, governments, technical organisations and civil society.
  
  
Coordinate coalition meetings, roundtables, workshops and other partner engagements.
  
  
Identify opportunities for joint initiatives that can mobilise finance and scale climate-resilient and low-carbon agriculture.
  
  
4. Programme Development
  
  
Support the development of sustainable food programmes and related carbon finance programmes.
  
  
Represent WWF-Singapore at relevant external engagements and industry forums.
  
  
Qualifications & Experience
  
  
Bachelor’s or Master’s Degree in Business, Sustainability, Environmental Studies, International Relations, Finance or a related field.
  
  
Minimum 5 years' experience in partnerships, business development, sustainability, programme development or stakeholder engagement.
  
  
Demonstrated ability to develop and manage relationships with corporate, financial, government or institutional partners.
  
  
Strong communication, relationship-management and project-management skills.
  
  
Experience in sustainable agriculture, food systems, climate finance or carbon markets would be advantageous.
  
  
Experience working in Southeast Asia would be an advantage.
  
  
Why Join Us
  
  
Join WWF-Singapore to build partnerships that mobilise finance and collective action for climate, nature and communities. You will work with leading organisations across the region to help scale climate-resilient and sustainable food systems across Southeast Asia.
  
  
Interested applicants are encouraged to complete the online application form -
  
  
https://forms.cloud.microsoft/e/6ak1TscikC
  
  
.
  
  
Priority consideration will be given to candidates who have submitted the form.
  
  
ABOUT WWF-SINGAPORE
  
  
World Wide Fund for Nature (WWF) is one of the world’s largest and most respected independent conservation organisations. WWF’s mission is to stop the degradation of Earth’s natural environment and to build
  
a future in which humans live in harmony with nature. As one of WWF’s international hubs, WWF-Singapore supports a global network spanning over 100 countries.
  
  
WWF-Singapore works closely with local stakeholders towards a greener and more sustainable Singapore and the region around us. We work to address key environmental concerns, such as climate change, sustainable finance, deforestation, illegal wildlife trade, species recovery, as well as sustainable production and consumption, through collaboration, education and outreach efforts involving the communities, businesses, and governments.","","https://sg.indeed.com/cmp/Wwf","","https://www.wwf.de","","201 to 500","","Der WWF ist eine der bekanntesten Naturschutzorganisationen der Welt. Mit Projekten in über hundert Ländern verfolgen wir das Ziel, die biologische Vielfalt unseres Planeten zu erhalten.","","","","","",""
"li-4456751178","linkedin","https://www.linkedin.com/jobs/view/4456751178","","Business Risk Manager, Sustainability (Vice President)","Bank of Singapore, Asia’s Global Private Bank","Singapore, Singapore","2026-10-02","","","","","","",False,"","","","","","","https://sg.linkedin.com/company/bank-of-singapore","","","","","","","","","","","",""
"li-4471428461","linkedin","https://www.linkedin.com/jobs/view/4471428461","","Sustainability Communications Director","Charterhouse Partnership","Singapore, Singapore","2026-10-02","","","","","","",False,"","","","","","","https://sg.linkedin.com/company/charterhousepartnershipglobal","","","","","","","","","","","",""
"li-4456372068","linkedin","https://www.linkedin.com/jobs/view/4456372068","","Advisory - Consulting, ESG | Graduate Associate 2027","KPMG Singapore","Singapore, Singapore","2026-10-02","","","","","","",False,"","","","","","","https://sg.linkedin.com/company/kpmg-singapore","","","","","","","","","","","",""
"li-4473124303","linkedin","https://www.linkedin.com/jobs/view/4473124303","","Sustainability & ESG Consultant","SGS","Singapore, Singapore","2026-10-02","","","","","","",False,"","","","","","","https://ch.linkedin.com/company/sgs","","","","","","","","","","","",""
"li-4472923299","linkedin","https://www.linkedin.com/jobs/view/4472923299","","[NCCS] Snr Mgr/Asst Dir (Climate Change, Sustainability, Science & Tech Office)","National Climate Change Secretariat, Singapore","Singapore, Singapore","2026-10-01","","","","","","",False,"","","","","","","https://sg.linkedin.com/company/nccs-sg","","","","","","","","","","","",""
"in-f403def0fbc4758e","indeed","https://sg.indeed.com/viewjob?jk=f403def0fbc4758e","https://www.mycareersfuture.gov.sg/job/c303e23ecf068445aa2114a12a4f0c2a","Sustainability Manager","LOLA FAYE CAFE","Geylang, S00, SG","2026-10-01","fulltime","","","","","",False,"","","","","**Job Title:** Sustainability Manager
  
  
Job Description & Requirements
  
  
We are seeking a Sustainability Manager to improve sustainability and operational efficiency across our café and food-service operations. The role focuses on reducing food waste, improving resource usage, introducing practical digital solutions and supporting staff in adopting sustainable practices.
  
  
Job Responsibilities
  
  
1. Sustainable Food Operations &Waste Management
  
  
Review food preparation, storage and service practices to identify sources of food waste, ingredient wastage and avoidable resource consumption.
  
  
Develop practical waste-reduction approaches for ingredients, food preparation and day-to-day café operations while maintaining food quality and service standards.
  
  
Establish procedures for identifying, recording and managing food waste and material wastage across relevant operational areas.
  
  
Coordinate with kitchen and operations teams to incorporate sustainable practices into daily food-service activities.
  
  
Evaluate the operational effectiveness of waste-reduction measures and identify areas requiring further attention.
  
  
2. Process Innovation & DigitalSolutions
  
  
Research and assess digital tools, technologies and process solutions relevant to food-service sustainability and operational efficiency.
  
  
Evaluate potential applications of technology for areas such as inventory management, waste tracking, resource monitoring and operational workflow.
  
  
Support the selection and introduction of suitable digital solutions based on operational requirements, usability and business needs.
  
  
Develop revised workflows to incorporate newly adopted technologies or process solutions into daily operations.
  
  
Document technology-enabled processes and operating requirements for relevant users.
  
  
3. Sustainability Data &Performance Analysis
  
  
Establish data collection methods for sustainability-related activities, including food waste, ingredient usage, packaging consumption and resource utilisation.
  
  
Consolidate and analyse operational data to identify trends, patterns, variances and areas of inefficiency.
  
  
Develop sustainability and operational KPIs to measure resource utilisation, waste reduction and the outcomes of improvement initiatives.
  
  
Prepare periodic data analysis and reports to provide Management with visibility of sustainability performance.
  
  
Translate analytical findings into evidence-based recommendations for operational planning and sustainability decision-making.
  
  
4. Sustainable Packaging &Resource Solutions
  
  
Review the suitability of existing takeaway, food-service and packaging materials from environmental, operational and cost perspectives.
  
  
Research and assess alternative packaging materials and products that can reduce environmental impact while meeting food safety and operational requirements.
  
  
Evaluate opportunities to improve the use of utilities and consumable resources, including water, energy and operational materials.
  
  
Engage suppliers and relevant external partners to obtain information on sustainable materials, products and resource-efficient solutions.
  
  
Conduct comparative assessments of proposed solutions and present findings to Management for consideration.
  
  
5. Sustainability Project Management
  
  
Plan and coordinate assigned sustainability projects, including defining project objectives, activities, timelines and expected outcomes.
  
  
Coordinate project activities between Management, Kitchen, Front-of-House, suppliers and external partners.
  
  
Maintain project documentation, implementation records and progress updates for assigned initiatives.
  
  
Identify implementation issues, coordinate follow-up actions and communicate project status to relevant stakeholders.
  
  
Review completed projects against their intended objectives and document outcomes and lessons learned.
  
  
6. Staff Training & SustainabilityCapability
  
  
Develop and conduct staff training and briefing sessions on food waste management, resource conservation and sustainability practices.
  
  
Translate sustainability requirements into practical guidelines and operating instructions for relevant employees.
  
  
Support employees in understanding their responsibilities when implementing sustainability-related practices.
  
  
Gather staff feedback on sustainability practices and identify training or capability gaps.
  
  
Develop internal learning materials and share relevant sustainability knowledge and project lessons with employees.
  
  
Job Requirements
  
  
Understanding of food waste management, resource conservation and sustainable packaging.
  
  
Strong analytical skills, with the ability to interpret operational data, develop KPIs and prepare clear reports.
  
  
Proficiency in Microsoft Excel or similar data analysis tools; familiarity with inventory management and waste-tracking systems is an advantage.
  
  
Good project management and organisational skills, with the ability to coordinate multiple initiatives.
  
  
Strong communication skills and the ability to work effectively with Management, kitchen teams, service staff, suppliers and external partners.
  
  
Ability to conduct staff training and translate sustainability goals into practical operating procedures.
  
  
A proactive, hands-on approach to solving problems and implementing improvements.","","https://sg.indeed.com/cmp/Lola-Faye-Cafe","","","","","","","","","","","",""
"li-4418924284","linkedin","https://www.linkedin.com/jobs/view/4418924284","","Consultant, Business Impact Office","AIA Singapore","Singapore, Singapore","2026-10-01","","","","","","",False,"","","","","","","https://sg.linkedin.com/company/aia-singapore","","","","","","","","","","","",""
"li-4474101476","linkedin","https://www.linkedin.com/jobs/view/4474101476","","Deputy Director, Group Sustainability","Frasers Property Limited","Singapore, Singapore","2026-10-01","","","","","","",False,"","","","","","","https://sg.linkedin.com/company/frasers-property-limited","","","","","","","","","","","",""
"li-4463452331","linkedin","https://www.linkedin.com/jobs/view/4463452331","","Assistant Director (Liveability, Sustainability & Infrastructure) - Changi","Ministry of Defence of Singapore","Singapore, Singapore","2026-10-01","","","","","","",False,"","","","","","","https://sg.linkedin.com/company/mindefsg","","","","","","","","","","","",""
"li-4472699653","linkedin","https://www.linkedin.com/jobs/view/4472699653","","Manager (Sustainability & Smart Technology)","Singapore University of Social Sciences (SUSS)","Singapore, Singapore","2026-10-01","","","","","","",False,"","","","","","","https://sg.linkedin.com/school/singapore-university-of-social-sciences/","","","","","","","","","","","",""
"li-4464518376","linkedin","https://www.linkedin.com/jobs/view/4464518376","","Global Head of Sustainability, Life Sciences and Chemicals Multinational ( SINGAPORE )","Genesis Partners","Singapore, Singapore","2026-10-01","","","","","","",False,"","","","","","","https://www.linkedin.com/company/talent-genesis-partners","","","","","","","","","","","",""
"li-4474547499","linkedin","https://www.linkedin.com/jobs/view/4474547499","","Senior / Staff Intelligence Analyst, Environmental Crimes","TRM Labs","","2026-10-01","","","","","","",False,"","","","","","","https://www.linkedin.com/company/trmlabs","","","","","","","","","","","",""
"li-4453429192","linkedin","https://www.linkedin.com/jobs/view/4453429192","","Senior / Executive, Corporate Social Responsibility (Environmental & Healthcare)(Based in Singapore)","Mapletree","Singapore, Singapore","2026-10-01","","","","","","",False,"","","","","","","https://sg.linkedin.com/company/mapletree","","","","","","","","","","","",""
"li-4433920432","linkedin","https://www.linkedin.com/jobs/view/4433920432","","SA/AVP (12 months contract), Sustainability (ESG Investment Management)","Temasek","Singapore, Singapore","2026-10-01","","","","","","",False,"","","","","","","https://sg.linkedin.com/company/temasek-holdings","","","","","","","","","","","",""
"li-4473747266","linkedin","https://www.linkedin.com/jobs/view/4473747266","","Senior Associate/ Assistant Vice President, Financial Reporting & Sustainability Reporting","SGX Group","Singapore, Singapore","2026-09-30","","","","","","",False,"","","","","","","https://sg.linkedin.com/company/sgxgroup","","","","","","","","","","","",""
"in-48e5605325608940","indeed","https://sg.indeed.com/viewjob?jk=48e5605325608940","https://careers.ing.com/en/job/singapore/intern-sustainable-solutions-group-apac/3121/45379152896","Intern, Sustainable Solutions Group APAC","ING","Singapore, S00, SG","2026-09-30","internship","","","","","",False,"","","","","* REQ-10122371
* 30/09/2026
* Trainee
* Singapore, Singapore
* ING Bank

  

ING WB Asia Internship Programme 2027

At ING, we're redefining what it means to be a bank, and we're looking for students who are curious, proactive, and eager to make a meaningful impact. If you're excited to learn, challenge the status quo, collaborate with diverse teams, and turn ideas into action, our internship programme offers the opportunity to gain hands-on experience, develop your skills, and contribute to an international organization that values continuous growth and innovation.

Department/Function:Sectors

Team:Sustainable Finance

Internship Period: 6 months; January - June 2027

About ING Bank

  

We began operating in Singapore in 1987 where we host the regional Asia Pacific headquarters. With over 300 financial experts, we are the largest wholesale banking branch in Asia. ING stands out in the Asia Pacific region because we go a step further for our customers. We look at things from the client’s perspective which allows us to construct tailor-made solutions to fit the needs of every company we serve. This mentality underpins all our client relations and has produced various prestigious awards.

Our internship programme offers more than just on-the-job experience. Through structured onboarding, development initiatives, cross-functional networking opportunities, project showcases and an intern alumni community, you'll gain valuable exposure, build meaningful connections and develop skills for your future career.

  
  

**ING Sustainability Direction**

  
  

Sustainability is a pilar of our strategy and central to our long-term commercial success. The urgent need for a transition to low-carbon economy that balances its impact on nature comes with both opportunities and risks, and it is our ambition to play a leading role in accelerating this transition. That’s why we aim to put sustainability at the heart of what we do.

  
  

**What does Sustainable Solutions Group (SSG) Team do in ING?**

* The Sustainable Solutions Group’s (SSG) mission is to maximise capital flows to our clients and accelerate their sustainable transition, along with the sectors they operate in.

* We translate ING’s sustainability strategy into business opportunities by connecting and collaborating with internal and external stakeholders, with a razor-sharp focus on client centricity.

* We deliver sustainability expertise, supported by tooling and data, to provide financing, advice and strategic support to our Wholesale Banking (WB) clients.

SSG holds a global mandate to structure, arrange, and execute transactions with a sustainability characteristic across WB. In addition to supporting origination, SSG structures sustainable products and acts as a strategic partner to clients, offering tailored advice on sustainability and driving innovation in sustainable finance. As ING’s pioneering engine for sustainable finance, SSG plays a leading role in shaping market standards, piloting new instruments, and embedding sustainability into core banking processes.

The SSG APAC covers the Asia Pacific region, with key markets in Australia, Greater China, Japan, Korea, and Philippines.

The team also covers all of ING’s sectors:

* Commodities, Food & Agriculture

* Infrastructure

* Technology, Media, Telecom and Healthcare

* Real Estate

* Transport and Logistics

* Energy

* Financial Institutions

* Corporate Sector Coverage
  

  

**What would you be doing?**

  
  

As an intern you will gain hands-on exposure to sustainable finance transactions and thought-leadership across Asia Pacific. Your responsibilities will include:

* Research and market analysis
  + Conduct market analysis on sustainable finance and other related markets across ING’s Sector portfolio
  + Monitoring market updates and relevant regulatory developments
  + Analyse corporate sustainability disclosure and sector specific developments
* Transaction support and execution
* Assist in origination, structuring, and execution of sustainable finance transactions
  + Prepare pitchbooks and client materials
  + Support development of green, social, sustainable financing frameworks
  + Analyse eligibility of green/social assets
  + Analyse ESG ratings of companies
* Innovation and ad-hoc
  + Prepare conference/seminar/workshop presentation materials
  + Assist with internal trainings to raise awareness and equip colleagues with the skills to drive client dialogue on sustainable finance
  + Contribute to innovative developments such as Circular Economy, Energy Transition, etc
  + Quarterly deal reporting
* Any other sustainability related tasks that may arise
  

  

**What qualities and skills are we looking for?**

  
  

We are looking for a passionate and enthusiastic individual who offers the following:

* Undergraduate or postgraduate in any discipline
* Strong interest in leveraging the financial markets to create positive environmental and social impact
* Strong analytical skills, with a high level of attention to detail
* Well-organised, structured, and able to manage multiple tasks
* Motivated, entrepreneurial, and resourceful

Fluent in spoken and written English; knowledge in other Asian languages, in particular Mandarin (preferably)

  
  

**What would you gain from this internship?**

  
  

An exciting opportunity to work at the forefront of the financial markets and on transactions across the green/social debt spectrum (loans, bonds, hybrids) in a wide range of industry sectors as well as being an advocate for a more sustainable world!

  
  

Need more information?

  

For information on ING Wholesale Bank, visit https://www.ingwb.com/

For information on careers, visit https://www.ing.jobs/Global/Careers.htm

Diversity, Inclusion and Belonging (DIB)

ING’s vision is to unlock our people’s full potential through our inclusive culture where everyone has the opportunity to develop and have impact for our customers and society. To achieve this vision, our policies support diversity, equity, and inclusion. As an equal opportunity employer, we do not tolerate discrimination of any kind with regard to age, gender, gender identity, cultural background, experience, religion, race, ethnicity, disability, family responsibilities, sexual orientation, social origin, or any other status protected by applicable law. If you require any assistance or if we can accommodate you in any way when participating in our application and/or interview process, please email the recruiting contact listed for the relevant position. We will be happy to work with you to ensure a fair and accessible process. Read more about our commitment to diversity, inclusion and belonging here.","","https://sg.indeed.com/cmp/Ing","https://d2q79iu7y748jz.cloudfront.net/s/_squarelogo/256x256/0f4f75423fa02b108b6f36a11c7a4af6","http://www.ing.com/en.htm","Amsterdam","10,000+","$5M to $25M (USD)","With 9 million account holders, ING is one of the largest and most prominent financial service providers in the Netherlands. We are part of ING Group, a global financial institution.","","","","","",""
"in-34a5c06eee690fce","indeed","https://sg.indeed.com/viewjob?jk=34a5c06eee690fce","https://careers.singaporeair.com/sia/job/Sustainability-Office-Executive-Senior-Executive-Assistant-Manager-Sustainability/59298244/","Sustainability Office - Executive / Senior Executive / Assistant Manager Sustainability","Singapore Airlines","SG","2026-09-26","","","","","","",False,"","","","","**Job Description**
-------------------

The successful candidate will join the Sustainability Office under the Corporate Planning Division to coordinate, execute, and report on SIA Group’s sustainability initiatives to elevate SIA’s sustainability performance. He/she will also be involved in monitoring market developments and ensuring compliance with existing and new regulatory requirements.

  

**Key Responsibilities:**

* Oversee SIA Group’s Voluntary Carbon Offset Programme and engage stakeholders to ensure smooth IT and sales operations.
* Manage the SIA Group’s Voluntary Carbon Offset Programme’s offerings to ensure continued relevance of the platform for our customers.
* Support the procurement of CORSIA compliance carbon credits by evaluating potential suppliers, projects and offers based on SIA’s requirements.
* Conduct due diligence on voluntary and compliance carbon projects.
* Coordinate and manage carbon credit purchase agreements; review project documentation and delivery details to ensure CORSIA compliance, quality alignment and to mitigate greenwashing/reputational risks.
* Proactive monitoring of market development on sustainability matters and develop appropriate strategies to address the developments accordingly.
* Proactive monitoring of existing and upcoming sustainability policies; evaluate these developments and develop actionable steps to ensure timely compliance.
* Support efforts to strengthen sustainability communication across internal stakeholders.
* Engage internal and external stakeholders to share about SIA’s Sustainability focus and ambition, and seek potential collaborations for a collective effort in aviation decarbonisation and stay abreast of best practices and emerging trends.
Support the preparation of SIA’s annual Sustainability Report.  

**Requirements**

* Bachelor's Degree, preferably in Environmental / Climate Science, Chemistry, Statistics, Business or Communications.
* Knowledge in environment, climate change, carbon footprint and/or energy efficiency matters.
* Strong project and stakeholder management skills and experience in managing conflicting stakeholders’ requirement and executing structured delivery across multiple workstreams.
* Strong analytical and IT skills, good writing and presentation skills.
* Experience in the following areas would be beneficial:
    
  + Sustainable Aviation Fuel
  + Carbon Markets & Offsetting
  + Aviation Emissions & Reporting
  + Sustainability Communications
  + Sustainability Reporting Standards (e.g. ISSB, GRI, SASB etc.)
  + Emissions Compliance Schemes such as CORSIA, EU ETS and/or UK ETS

We thank all candidates for your interest in Singapore Airlines, and regret that only shortlisted candidates will be notified.","Transport And Freight","https://sg.indeed.com/cmp/Singapore-Airlines","https://d2q79iu7y748jz.cloudfront.net/s/_squarelogo/256x256/63ee6c2e4fa6278c5d4c2536ca8b8d53","http://www.singaporeair.com","SINGAPORE, SN","10,000+","more than $10B (USD)","","","","","","",""
"in-43acbbc3e6617bb2","indeed","https://sg.indeed.com/viewjob?jk=43acbbc3e6617bb2","https://cbreglobal.avature.net/careers/JobDetail?jobId=284476&source=Indeed","Sustainability Manager (1 year contract)","CBRE","Singapore, S00, SG","2026-08-26","fulltime","","","","","",False,"","","","","**About The Role**

We are seeking for a dynamic and experienced Sustainability Manager to support client on sustainability efforts, including environmental, social and governance (ESG) initiatives. This role requires a forward-thinking leader with a passion for sustainability.

The Sustainability Manager will oversee the implementation and continuous improvement and related platform’s sustainability programs, supporting alignment with industry best practice, innovation, compliance with relevant reporting frameworks and the provision of thought leadership in sustainability driven value creation.

**What You’ll Do**

* Annual Sustainability report, investor ESG reporting and ESG external disclosure.
* Support on implementing client ESG policies and commitments.
* Collaborate with and support client ESG platforms to develop dedicated regional and industry specific sustainability frameworks.
* Providing strategic direction to achieve client sustainability goals.
* Ensure adherence to relevant ESG reporting frameworks such as GRI, ISSB, PRI
* Provide guidance on incorporating ESG factors into portfolio construction and risk management processes.
* Support on sustainability due diligence and strategies to enhance target investments’ outcomes.
* Support the ESG data reporting of current and future capital-raising activities, with a focus on corporate ESG documentation coordination.
* Perform any additional sustainability-related duties as assigned.

**What You’ll Need**

* Bachelor’s degree in environmental science, sustainability, engineering, business administration or a related field.
* A relevant advanced certificates with a focus on sustainability. Such as CFA-ESG
* Experience in Sustainability or Environmental Management: 3-5 years of professional experience in sustainability, environmental management or a related area. This includes implementing sustainability initiatives, assessing environmental impact and tracking sustainability metrics.
* Sustainability Reporting and Metrics: Proficiency in sustainability reporting tools (e.g., PRI, TCFD SASB) and data analysis. Experience in preparing sustainability reports, conducting audits and communicating the organisation’s environmental performance to stakeholders.
* Strategic Planning and Execution: Experience in developing, implementing and managing long-term sustainability strategies, including reducing carbon footprints, energy consumption, waste and water use.
* Knowledge of Environmental Regulations: Understanding of environmental laws, regulations, and standards, including local, regional and international guidelines.
* Team player, excellent interpersonal skills to thrive in a collaborative working environment.
* Demonstrated ability to work in a fast-growing and dynamic start up environment.
* Strong client-focus and drive to deliver results.
* Problem-solving skills.
* Experience in the data centre, ICT or real estate sector will be a bonus

**Why CBRE**

When you join CBRE, you become part of the global leader in commercial real estate services and investment that helps businesses and people thrive. We are dynamic problem solvers and forward-thinking professionals who create significant impact. Our collaborative culture is built on our shared values — respect, integrity, service and excellence — and we value the diverse perspectives, backgrounds and skillsets of our people. At CBRE, you have the opportunity to chart your own course and realize your potential. We welcome all applicants.

**Applicant AI Use Disclosure**

We value human interaction to understand each candidate's unique experience, skills and aspirations. We do not use artificial intelligence (AI) tools to make hiring decisions, and we ask that candidates disclose any use of AI in the application and interview process.

**Our Values In Hiring**

At CBRE, we are committed to fostering a culture where everyone feels they belong. We value diverse perspectives and experiences, and we welcome all applications.","","https://sg.indeed.com/cmp/Cbre","https://d2q79iu7y748jz.cloudfront.net/s/_squarelogo/256x256/d03554119fceaadc3f510b6f72c3c348","http://www.cbre.com","Dallas, TX","10,000+","Decline to state","Headquartered in Los Angeles, CBRE is the world's largest real estate services and investment firm.","","","","","",""
"in-3d213aeadb198bd5","indeed","https://sg.indeed.com/viewjob?jk=3d213aeadb198bd5","https://career4.successfactors.com/career?career%5fns=job%5flisting&company=exxonmobilP&navBarLevel=JOB%5fSEARCH&rcm%5fsite%5flocale=en%5fUS&career_job_req_id=109426&selected_lang=en_US&jobAlertController_jobAlertId=&jobAlertController_jobAlertName=&browserTimeZone=America/Chicago&_s.crb=Db7CmSrubSyQ3c6Iz9RCyYVzTFF3VG2D43HStgXYCAU%3d","Environment, Climate & Regulatory Engineer - Associate","ExxonMobil","Boon Lay, S00, SG","2026-05-10","","","","","","",False,"","","","","**About us**

  

For well over a century, ExxonMobil has been at the heart of creating and growing a modern world. We embrace the power and promise of technology, pushing the boundaries of what's possible. For billions around the world, lives are better and last longer because of the innovative problem solving and reliable energy we provide. And when it comes to developing industrial solutions to reduce carbon emissions, ExxonMobil is truly the leader.

We don't stop at ""good enough."" We are committed to doing what's right, even if it's difficult or unpopular. We hold ourselves to high standards, challenge what's possible and invest in innovation to meet society's critical needs.

Real change begins with bold questions, drive, and ambition. Here, your talent, determination and contributions shape how far you'll go and the impact you'll make along the way.

Our future success depends on exceptional people. We invest in developing talent through meaningful work, challenging assignments, mentorship, and experiences that help build the next generation of leaders.

  

**Our Culture**

We are uniquely ExxonMobil. Integrity, care, excellence, resilience and courage, these core values determine how we work every day. At ExxonMobil, our values aren't just words— they're how we show up, focused on delivering the right answer, the right way, every day.

  

**ExxonMobil in Singapore**
---------------------------

ExxonMobil is one of Singapore’s largest foreign manufacturing investors with over S$25 billion in fixed asset investments.

  

We have manufacturing facilities that include an integrated world-scale refining and petrochemical complex in Jurong and Jurong Island, a network of service stations under the Esso brand, operate a lubricant plant and are a supplier of cylinder cooking gas. ExxonMobil provides customers and commercial markets in the region with ground transportation, industrial, aviation and marine fuels, lubricants, petrochemicals and liquefied natural gas (LNG).

  

As Singapore serves as the AP hub for some of our businesses, we employ about 3,500 people across positions in operations, projects, commercial, corporate support functions and others.

  

ExxonMobil also contributes to community programs in Singapore that support the arts, education, health and the environment.

For more information, visit **www.exxonmobil.com.sg** or follow ExxonMobil Singapore on LinkedIn and Instagram.

**Job Role Summary**
--------------------

The Environmental Coordinator will support an operation by completing regulatory analyses, maintaining existing regulatory compliance systems, and ensuring compliance with internal and external reporting requirements. The position will keep up-to-date with assigned regulations and support ExxonMobil Advocacy staff to drive reasonable rulemaking and interpretations. Actual job role could vary based on experience and knowledge of candidate(s). The position is located at the supported site.

**Job Role Responsibilities**
-----------------------------

* Advise on environmental and regulatory requirements and collaborate to implement cost-effective solutions
* Execute day-to-day Environment, Climate and Regulatory practices, programs, data management and reporting including OIMS; provide training and support to operations, including learnings from incidents
* Support environmental business planning, permitting, and environmental impact assessment processes
* Build and engage the network to effectively support compliance assurance systems
* Identify non-conformances with key Environment, Climate and Regulatory practices and systems, and support implementation of corrective actions
* Monitor compliance with Environment, Climate and Regulatory standards

**Job Role Requirements**
-------------------------

* Demonstrated knowledge of emissions calculations and methodology
* Minimum 5 years of relevant environmental experience
* Demonstrated knowledge of Singapore environmental and sustainability regulations. Knowledge on other countries’ environmental and sustainability regulations will be an advantage
* Experience in Environmental Impact Assessment process, compliance and environmental risk management

* Experience and familiar with Singapore Carbon tax regulations and polices

* Bachelor of Engineering (Chemical or Environmental preferred)
* Demonstrated leadership skills

* Excellent stakeholder management, communication, and coordination skills.

* Organizational leadership skills
* Strong computer skills (Microsoft Excel, Work, PowerPoint, etc.)
* Ability to work independently and as part of a team
* Ability to manage multiple priorities in a dynamic operational environment.
* Strong detail orientation
* Strong business ethics

**Your Benefits**
-----------------

An ExxonMobil career is one designed to last and we provide job rotations throughout your career with us. Our commitment to you runs deep: our employees grow personally and professionally, with benefits built on our core categories of health, security, finance, and life.
  
  
Currently our employees benefits include: Long Term Savings Allowance, dental reimbursement, annual health checkups and Home Ownership Assistance Plan amongst others and these are updated from time to time.

**Stay connected with us:**
---------------------------

* Learn more at our website
* Follow us on LinkedIn and Instagram
* Like us on Facebook
* Subscribe our channel at YouTube

**Equal Opportunity Employer**
------------------------------

It is the policy of the Company to provide equal employment opportunity in conformance with all applicable laws and regulations to individuals who are qualified to perform job requirements. The Company administers its personnel policies, programs, and practices in a non-discriminatory manner in all aspects of the employment relationship, including recruitment, hiring, work assignment, promotion, transfer, termination, wage and salary administration, and selection for training.

  

Please be informed that only shortlisted candidates will be notified, and you can find out more about our hiring process **here**.

We thank you for your interest in ExxonMobil.

**Functional Skills**
---------------------

Regulatory Compliance, Rule & Standards Development & Permitting Approaches

Waste Management, Optimization & Resource Recovery

Water Resource Management & Evaluation

Air Quality & Greenhouse Gas

Environmental & Social Impact Approach

Ecosystem & Biodiversity Management

Alternate Location:

  

Nothing herein is intended to override the corporate separateness of local entities. Working relationships discussed herein do not necessarily represent a reporting connection, but may reflect a functional guidance, stewardship, or service relationship.

  

Exxon Mobil Corporation has numerous affiliates, many with names that include ExxonMobil, Exxon, Esso and Mobil. For convenience and simplicity, those terms and terms like corporation, company, our, we and its are sometimes used as abbreviated references to specific affiliates or affiliate groups. Abbreviated references describing global or regional operational organizations and global or regional business lines are also sometimes used for convenience and simplicity. Similarly, ExxonMobil has business relationships with thousands of customers, suppliers, governments, and others. For convenience and simplicity, words like venture, joint venture, partnership, co-venturer, and partner are used to indicate business relationships involving common activities and interests, and those words may not indicate precise legal relationships.","Energy And Utilities, Energy And Utilities","https://sg.indeed.com/cmp/Exxonmobil","https://d2q79iu7y748jz.cloudfront.net/s/_squarelogo/256x256/ddcc56ff6793303a9a17d0014feaf448","https://jobs.exxonmobil.com/","22777 Springwoods Village Parkway
Spring, TX 77389-1425","10,000+","more than $10B (USD)","Based in Irving, Texas, ExxonMobil is the largest publicly-traded international oil and gas company in the world.","","","","","",""
"li-4474418561","linkedin","https://www.linkedin.com/jobs/view/4474418561","","Centre for Impact Investing and Practices","Temasek Trust","Singapore, Singapore","","","","","","","",False,"","","","","","","https://sg.linkedin.com/company/temasektrust","","","","","","","","","","","",""
"li-4465568286","linkedin","https://www.linkedin.com/jobs/view/4465568286","","Sustainability Manager (Data Centre Infrastructure)","Turner & Townsend","Singapore, Singapore","","","","","","","",False,"","","","","","","https://uk.linkedin.com/company/turner-&-townsend","","","","","","","","","","","",""
"li-4475182175","linkedin","https://www.linkedin.com/jobs/view/4475182175","","(TB)(AS) Sustainability Lead - Transaction Banking","BNP Paribas","Singapore, Singapore","","","","","","","",False,"","","","","","","https://fr.linkedin.com/company/bnp-paribas","","","","","","","","","","","",""
"li-4476165125","linkedin","https://www.linkedin.com/jobs/view/4476165125","","Environmental & Sustainable Design Engineer, ESD","Ramboll","Singapore, Singapore","","","","","","","",False,"","","","","","","https://dk.linkedin.com/company/ramboll","","","","","","","","","","","",""
"li-4474936995","linkedin","https://www.linkedin.com/jobs/view/4474936995","","Internship - ESG Consulting & Sustainability","CBRE Asia Pacific","Singapore, Singapore","","","","","","","",False,"","","","","","","https://sg.linkedin.com/company/cbre-asia-pacific","","","","","","","","","","","",""
